[
    {
      "id": 567828,
      "title": "The Complete Python Bootcamp From Zero to Hero in Python",
      "url": "/course/complete-python-bootcamp/",
      "rating": 4.5927815,
      "num_reviews": 452973,
      "last_update_date": "14/03/2021",
      "duration": "22 total hours",
      "instructors_id": 9685726,
      "image": "https://img-c.udemycdn.com/course/750x422/567828_67d0.jpg"
    },
    {
      "id": 1565838,
      "title": "The Complete 2023 Web Development Bootcamp",
      "url": "/course/the-complete-web-development-bootcamp/",
      "rating": 4.667258,
      "num_reviews": 263152,
      "last_update_date": "20/01/2023",
      "duration": "65.5 total hours",
      "instructors_id": 31334738,
      "image": "https://img-c.udemycdn.com/course/750x422/1565838_e54e_16.jpg"
    },
    {
      "id": 625204,
      "title": "The Web Developer Bootcamp 2023",
      "url": "/course/the-web-developer-bootcamp/",
      "rating": 4.6961474,
      "num_reviews": 254711,
      "last_update_date": "12/02/2023",
      "duration": "64 total hours",
      "instructors_id": 4466306,
      "image": "https://img-c.udemycdn.com/course/750x422/625204_436a_3.jpg"
    },
    {
      "id": 756150,
      "title": "Angular - The Complete Guide (2023 Edition)",
      "url": "/course/the-complete-guide-to-angular-2/",
      "rating": 4.5926924,
      "num_reviews": 180257,
      "last_update_date": "06/02/2023",
      "duration": "34.5 total hours",
      "instructors_id": 13952972,
      "image": "https://img-c.udemycdn.com/course/750x422/756150_c033_2.jpg"
    },
    {
      "id": 2776760,
      "title": "100 Days of Code: The Complete Python Pro Bootcamp for 2023",
      "url": "/course/100-days-of-code/",
      "rating": 4.6952515,
      "num_reviews": 177568,
      "last_update_date": "30/11/2022",
      "duration": "64 total hours",
      "instructors_id": 31334738,
      "image": "https://img-c.udemycdn.com/course/750x422/2776760_f176_10.jpg"
    },
    {
      "id": 533682,
      "title": "Java Programming Masterclass updated to Java 17",
      "url": "/course/java-the-complete-java-developer-course/",
      "rating": 4.5502763,
      "num_reviews": 177184,
      "last_update_date": "15/02/2023",
      "duration": "103.5 total hours",
      "instructors_id": 599932,
      "image": "https://img-c.udemycdn.com/course/750x422/533682_c10c_4.jpg"
    },
    {
      "id": 1362070,
      "title": "React - The Complete Guide (incl Hooks, React Router, Redux)",
      "url": "/course/react-the-complete-guide-incl-redux/",
      "rating": 4.609824,
      "num_reviews": 176452,
      "last_update_date": "09/02/2023",
      "duration": "48.5 total hours",
      "instructors_id": 31926668,
      "image": "https://img-c.udemycdn.com/course/750x422/1362070_b9a1_2.jpg"
    },
    {
      "id": 851712,
      "title": "The Complete JavaScript Course 2023: From Zero to Expert!",
      "url": "/course/the-complete-javascript-course/",
      "rating": 4.728533,
      "num_reviews": 167670,
      "last_update_date": "07/11/2022",
      "duration": "69 total hours",
      "instructors_id": 7799204,
      "image": "https://img-c.udemycdn.com/course/750x422/851712_fc61_6.jpg"
    },
    {
      "id": 950390,
      "title": "Machine Learning A-Z™: Python & R in Data Science [2023]",
      "url": "/course/machinelearning/",
      "rating": 4.528399,
      "num_reviews": 166138,
      "last_update_date": "04/02/2023",
      "duration": "42.5 total hours",
      "instructors_id": 2364054,
      "image": "https://img-c.udemycdn.com/course/750x422/950390_270f_3.jpg"
    },
    {
      "id": 903744,
      "title": "Python for Data Science and Machine Learning Bootcamp",
      "url": "/course/python-for-data-science-and-machine-learning-bootcamp/",
      "rating": 4.622137,
      "num_reviews": 126984,
      "last_update_date": "03/05/2020",
      "duration": "25 total hours",
      "instructors_id": 9685726,
      "image": "https://img-c.udemycdn.com/course/750x422/903744_8eb2.jpg"
    },
    {
      "id": 1754098,
      "title": "The Data Science Course 2023: Complete Data Science Bootcamp",
      "url": "/course/the-data-science-course-complete-data-science-bootcamp/",
      "rating": 4.5870066,
      "num_reviews": 119504,
      "last_update_date": "20/12/2022",
      "duration": "32 total hours",
      "instructors_id": 8280056,
      "image": "https://img-c.udemycdn.com/course/750x422/1754098_e0df_3.jpg"
    },
    {
      "id": 543600,
      "title": "Automate the Boring Stuff with Python Programming",
      "url": "/course/automate/",
      "rating": 4.6550035,
      "num_reviews": 105532,
      "last_update_date": "01/02/2023",
      "duration": "9.5 total hours",
      "instructors_id": 13922584,
      "image": "https://img-c.udemycdn.com/course/750x422/543600_64d1_4.jpg"
    },
    {
      "id": 258316,
      "title": "Complete C# Unity Game Developer 2D",
      "url": "/course/unitycourse/",
      "rating": 4.6858044,
      "num_reviews": 97785,
      "last_update_date": "28/12/2022",
      "duration": "18.5 total hours",
      "instructors_id": 33027212,
      "image": "https://img-c.udemycdn.com/course/750x422/258316_55e9_12.jpg"
    },
    {
      "id": 629302,
      "title": "Learn Python Programming Masterclass",
      "url": "/course/python-the-complete-python-developer-course/",
      "rating": 4.5793633,
      "num_reviews": 96940,
      "last_update_date": "30/01/2023",
      "duration": "73 total hours",
      "instructors_id": 599932,
      "image": "https://img-c.udemycdn.com/course/750x422/629302_8a2d_2.jpg"
    },
    {
      "id": 354176,
      "title": "Selenium WebDriver with Java -Basics to Advanced+Frameworks",
      "url": "/course/selenium-real-time-examplesinterview-questions/",
      "rating": 4.5966754,
      "num_reviews": 95325,
      "last_update_date": "01/01/2023",
      "duration": "54 total hours",
      "instructors_id": 5997742,
      "image": "https://img-c.udemycdn.com/course/750x422/354176_fe73_5.jpg"
    },
    {
      "id": 437398,
      "title": "Build Responsive Real-World Websites with HTML and CSS",
      "url": "/course/design-and-develop-a-killer-website-with-html5-and-css3/",
      "rating": 4.767181,
      "num_reviews": 90437,
      "last_update_date": "07/11/2022",
      "duration": "37.5 total hours",
      "instructors_id": 7799204,
      "image": "https://img-c.udemycdn.com/course/750x422/437398_46c3_10.jpg"
    },
    {
      "id": 1778502,
      "title": "iOS & Swift - The Complete iOS App Development Bootcamp",
      "url": "/course/ios-13-app-development-bootcamp/",
      "rating": 4.75045,
      "num_reviews": 83103,
      "last_update_date": "15/11/2021",
      "duration": "60.5 total hours",
      "instructors_id": 31334738,
      "image": "https://img-c.udemycdn.com/course/750x422/1778502_f4b9_12.jpg"
    },
    {
      "id": 705264,
      "title": "Modern React with Redux [2023 Update]",
      "url": "/course/react-redux/",
      "rating": 4.690943,
      "num_reviews": 80153,
      "last_update_date": "03/02/2023",
      "duration": "37.5 total hours",
      "instructors_id": 5487312,
      "image": "https://img-c.udemycdn.com/course/750x422/705264_caa9_13.jpg"
    },
    {
      "id": 1187016,
      "title": "The Ultimate MySQL Bootcamp: Go from SQL Beginner to Expert",
      "url": "/course/the-ultimate-mysql-bootcamp-go-from-sql-beginner-to-expert/",
      "rating": 4.6440387,
      "num_reviews": 78175,
      "last_update_date": "22/12/2022",
      "duration": "37.5 total hours",
      "instructors_id": 4466306,
      "image": "https://img-c.udemycdn.com/course/750x422/1187016_51b3.jpg"
    },
    {
      "id": 764164,
      "title": "The Complete Web Developer Course 3.0",
      "url": "/course/the-complete-web-developer-course-2/",
      "rating": 4.4847736,
      "num_reviews": 70931,
      "last_update_date": "08/02/2023",
      "duration": "31 total hours",
      "instructors_id": 4387876,
      "image": "https://img-c.udemycdn.com/course/750x422/764164_de03_5.jpg"
    },
    {
      "id": 922484,
      "title": "The Complete Node.js Developer Course (3rd Edition)",
      "url": "/course/the-complete-nodejs-developer-course-2/",
      "rating": 4.5921683,
      "num_reviews": 68865,
      "last_update_date": "22/03/2021",
      "duration": "35 total hours",
      "instructors_id": 7231684,
      "image": "https://img-c.udemycdn.com/course/750x422/922484_52a1_8.jpg"
    },
    {
      "id": 647428,
      "title": "Spring & Hibernate for Beginners (includes Spring Boot)",
      "url": "/course/spring-hibernate-tutorial/",
      "rating": 4.6082215,
      "num_reviews": 68728,
      "last_update_date": "14/02/2023",
      "duration": "42.5 total hours",
      "instructors_id": 7644438,
      "image": "https://img-c.udemycdn.com/course/750x422/647428_be28_6.jpg"
    },
    {
      "id": 657932,
      "title": "Unreal Engine 5 C++ Developer: Learn C++ & Make Video Games",
      "url": "/course/unrealcourse/",
      "rating": 4.711572,
      "num_reviews": 63232,
      "last_update_date": "26/01/2023",
      "duration": "29.5 total hours",
      "instructors_id": 4355282,
      "image": "https://img-c.udemycdn.com/course/750x422/657932_c7e0_6.jpg"
    },
    {
      "id": 692188,
      "title": "The Python Mega Course: Learn Python in 50 Days with 20 Apps",
      "url": "/course/the-python-mega-course/",
      "rating": 4.683692,
      "num_reviews": 60871,
      "last_update_date": "08/02/2023",
      "duration": "44.5 total hours",
      "instructors_id": 717783,
      "image": "https://img-c.udemycdn.com/course/750x422/692188_9da7_30.jpg"
    },
    {
      "id": 382002,
      "title": "C# Basics for Beginners: Learn C# Fundamentals by Coding",
      "url": "/course/csharp-tutorial-for-beginners/",
      "rating": 4.482919,
      "num_reviews": 60248,
      "last_update_date": "10/12/2020",
      "duration": "5.5 total hours",
      "instructors_id": 712832,
      "image": "https://img-c.udemycdn.com/course/750x422/382002_5d4a.jpg"
    },
    {
      "id": 1430746,
      "title": "The Complete Web Developer in 2023: Zero to Mastery",
      "url": "/course/the-complete-web-developer-zero-to-mastery/",
      "rating": 4.6615524,
      "num_reviews": 59632,
      "last_update_date": "01/02/2023",
      "duration": "38.5 total hours",
      "instructors_id": 38516954,
      "image": "https://img-c.udemycdn.com/course/750x422/1430746_2f43_10.jpg"
    },
    {
      "id": 1708340,
      "title": "Flutter & Dart - The Complete Guide [2023 Edition]",
      "url": "/course/learn-flutter-dart-to-build-ios-android-apps/",
      "rating": 4.5515323,
      "num_reviews": 58275,
      "last_update_date": "18/11/2022",
      "duration": "42.5 total hours",
      "instructors_id": 31926668,
      "image": "https://img-c.udemycdn.com/course/750x422/1708340_7108_5.jpg"
    },
    {
      "id": 995016,
      "title": "Vue - The Complete Guide (incl. Router & Composition API)",
      "url": "/course/vuejs-2-the-complete-guide/",
      "rating": 4.7406125,
      "num_reviews": 57968,
      "last_update_date": "18/11/2022",
      "duration": "32 total hours",
      "instructors_id": 13952972,
      "image": "https://img-c.udemycdn.com/course/750x422/995016_ebf4_3.jpg"
    },
    {
      "id": 1035000,
      "title": "Docker Mastery: with Kubernetes +Swarm from a Docker Captain",
      "url": "/course/docker-mastery/",
      "rating": 4.663327,
      "num_reviews": 57907,
      "last_update_date": "15/02/2023",
      "duration": "21.5 total hours",
      "instructors_id": 231052,
      "image": "https://img-c.udemycdn.com/course/750x422/1035000_c1aa_6.jpg"
    },
    {
      "id": 1576854,
      "title": "Beginning C++ Programming - From Beginner to Beyond",
      "url": "/course/beginning-c-plus-plus-programming/",
      "rating": 4.5539045,
      "num_reviews": 56755,
      "last_update_date": "01/02/2023",
      "duration": "46 total hours",
      "instructors_id": 35101150,
      "image": "https://img-c.udemycdn.com/course/750x422/1576854_9aeb_2.jpg"
    },
    {
      "id": 1793828,
      "title": "Docker and Kubernetes: The Complete Guide",
      "url": "/course/docker-and-kubernetes-the-complete-guide/",
      "rating": 4.6797447,
      "num_reviews": 52910,
      "last_update_date": "15/02/2023",
      "duration": "22 total hours",
      "instructors_id": 5487312,
      "image": "https://img-c.udemycdn.com/course/750x422/1793828_7999_2.jpg"
    },
    {
      "id": 765242,
      "title": "R Programming A-Z™: R For Data Science With Real Exercises!",
      "url": "/course/r-programming/",
      "rating": 4.6208124,
      "num_reviews": 49407,
      "last_update_date": "09/01/2023",
      "duration": "10.5 total hours",
      "instructors_id": 2364054,
      "image": "https://img-c.udemycdn.com/course/750x422/765242_2578_6.jpg"
    },
    {
      "id": 2259120,
      "title": "The Complete Flutter Development Bootcamp with Dart",
      "url": "/course/flutter-bootcamp-with-dart/",
      "rating": 4.611662,
      "num_reviews": 47451,
      "last_update_date": "20/12/2021",
      "duration": "29 total hours",
      "instructors_id": 31334738,
      "image": "https://img-c.udemycdn.com/course/750x422/2259120_305f_6.jpg"
    },
    {
      "id": 822444,
      "title": "Python and Django Full Stack Web Developer Bootcamp",
      "url": "/course/python-and-django-full-stack-web-developer-bootcamp/",
      "rating": 4.440449,
      "num_reviews": 46528,
      "last_update_date": "04/09/2019",
      "duration": "32 total hours",
      "instructors_id": 9685726,
      "image": "https://img-c.udemycdn.com/course/750x422/822444_a6db.jpg"
    },
    {
      "id": 364426,
      "title": "JavaScript: Understanding the Weird Parts",
      "url": "/course/understand-javascript/",
      "rating": 4.7288976,
      "num_reviews": 46369,
      "last_update_date": "14/11/2022",
      "duration": "12 total hours",
      "instructors_id": 2467626,
      "image": "https://img-c.udemycdn.com/course/750x422/364426_2991_6.jpg"
    },
    {
      "id": 2473048,
      "title": "Complete Python Developer in 2023: Zero to Mastery",
      "url": "/course/complete-python-developer-zero-to-mastery/",
      "rating": 4.6473503,
      "num_reviews": 45689,
      "last_update_date": "07/02/2023",
      "duration": "31 total hours",
      "instructors_id": 38516954,
      "image": "https://img-c.udemycdn.com/course/750x422/2473048_8255_5.jpg"
    },
    {
      "id": 903378,
      "title": "The Python Bible™ | Everything You Need to Program in Python",
      "url": "/course/the-python-bible/",
      "rating": 4.6156635,
      "num_reviews": 44891,
      "last_update_date": "13/04/2021",
      "duration": "9 total hours",
      "instructors_id": 10444866,
      "image": "https://img-c.udemycdn.com/course/750x422/903378_f32d_7.jpg"
    },
    {
      "id": 1352468,
      "title": "Master Microservices with Spring Boot and Spring Cloud",
      "url": "/course/microservices-with-spring-boot-and-spring-cloud/",
      "rating": 4.568263,
      "num_reviews": 42630,
      "last_update_date": "08/01/2023",
      "duration": "22 total hours",
      "instructors_id": 13363166,
      "image": "https://img-c.udemycdn.com/course/750x422/1352468_3d97_8.jpg"
    },
    {
      "id": 959700,
      "title": "The Complete React Native + Hooks Course",
      "url": "/course/the-complete-react-native-and-redux-course/",
      "rating": 4.5868936,
      "num_reviews": 42551,
      "last_update_date": "14/02/2023",
      "duration": "38.5 total hours",
      "instructors_id": 5487312,
      "image": "https://img-c.udemycdn.com/course/750x422/959700_8bd2_12.jpg"
    },
    {
      "id": 1151632,
      "title": "Deep Learning A-Z™: Hands-On Artificial Neural Networks",
      "url": "/course/deeplearning/",
      "rating": 4.553946,
      "num_reviews": 42106,
      "last_update_date": "04/02/2023",
      "duration": "22.5 total hours",
      "instructors_id": 2364054,
      "image": "https://img-c.udemycdn.com/course/750x422/1151632_de9b.jpg"
    },
    {
      "id": 1419182,
      "title": "SQL for Beginners: Learn SQL using MySQL and Database Design",
      "url": "/course/sql-for-beginners-course/",
      "rating": 4.496816,
      "num_reviews": 41801,
      "last_update_date": "26/10/2022",
      "duration": "8 total hours",
      "instructors_id": 35101150,
      "image": "https://img-c.udemycdn.com/course/750x422/1419182_b2cf.jpg"
    },
    {
      "id": 866196,
      "title": "The Complete Oracle SQL Certification Course",
      "url": "/course/the-complete-oracle-sql-certification-course/",
      "rating": 4.5832167,
      "num_reviews": 40644,
      "last_update_date": "23/11/2022",
      "duration": "16.5 total hours",
      "instructors_id": 7315098,
      "image": "https://img-c.udemycdn.com/course/750x422/866196_be1d.jpg"
    },
    {
      "id": 947098,
      "title": "Understanding TypeScript",
      "url": "/course/understanding-typescript/",
      "rating": 4.6849155,
      "num_reviews": 39870,
      "last_update_date": "18/11/2022",
      "duration": "15 total hours",
      "instructors_id": 13952972,
      "image": "https://img-c.udemycdn.com/course/750x422/947098_02ec_2.jpg"
    },
    {
      "id": 1026604,
      "title": "Advanced CSS and Sass: Flexbox, Grid, Animations and More!",
      "url": "/course/advanced-css-and-sass/",
      "rating": 4.733259,
      "num_reviews": 39682,
      "last_update_date": "07/11/2022",
      "duration": "28 total hours",
      "instructors_id": 7799204,
      "image": "https://img-c.udemycdn.com/course/750x422/1026604_790b_2.jpg"
    },
    {
      "id": 1879018,
      "title": "NodeJS - The Complete Guide (MVC, REST APIs, GraphQL, Deno)",
      "url": "/course/nodejs-the-complete-guide/",
      "rating": 4.6294208,
      "num_reviews": 39219,
      "last_update_date": "03/11/2022",
      "duration": "40.5 total hours",
      "instructors_id": 31926668,
      "image": "https://img-c.udemycdn.com/course/750x422/1879018_95b6_3.jpg"
    },
    {
      "id": 1178124,
      "title": "Complete C# Unity Game Developer 3D",
      "url": "/course/unitycourse2/",
      "rating": 4.717274,
      "num_reviews": 37893,
      "last_update_date": "10/02/2023",
      "duration": "30.5 total hours",
      "instructors_id": 4355282,
      "image": "https://img-c.udemycdn.com/course/750x422/1178124_76bb_11.jpg"
    },
    {
      "id": 1075642,
      "title": "Apache Kafka Series - Learn Apache Kafka for Beginners v3",
      "url": "/course/apache-kafka/",
      "rating": 4.664704,
      "num_reviews": 36679,
      "last_update_date": "13/02/2023",
      "duration": "8.5 total hours",
      "instructors_id": 16122994,
      "image": "https://img-c.udemycdn.com/course/750x422/1075642_b6d2_10.jpg"
    },
    {
      "id": 1298780,
      "title": "Statistics for Data Science and Business Analysis",
      "url": "/course/statistics-for-data-science-and-business-analysis/",
      "rating": 4.569617,
      "num_reviews": 36106,
      "last_update_date": "20/12/2022",
      "duration": "5 total hours",
      "instructors_id": 8280056,
      "image": "https://img-c.udemycdn.com/course/750x422/1298780_731f_4.jpg"
    },
    {
      "id": 2121018,
      "title": "Mastering Data Structures & Algorithms using C and C++",
      "url": "/course/datastructurescncpp/",
      "rating": 4.5858536,
      "num_reviews": 35971,
      "last_update_date": "18/10/2022",
      "duration": "58.5 total hours",
      "instructors_id": 27878376,
      "image": "https://img-c.udemycdn.com/course/750x422/2121018_9de5_5.jpg"
    },
    {
      "id": 666914,
      "title": "Python for Beginners: Learn Python Programming (Python 3)",
      "url": "/course/python-programming-projects/",
      "rating": 4.500685,
      "num_reviews": 34601,
      "last_update_date": "01/02/2023",
      "duration": "3 total hours",
      "instructors_id": 278531,
      "image": "https://img-c.udemycdn.com/course/750x422/666914_6c60_3.jpg"
    },
    {
      "id": 405926,
      "title": "HTML and CSS for Beginners - Build a Website & Launch ONLINE",
      "url": "/course/html-and-css-for-beginners-crash-course-learn-fast-easy/",
      "rating": 4.4906397,
      "num_reviews": 34348,
      "last_update_date": "20/01/2022",
      "duration": "6 total hours",
      "instructors_id": 6772884,
      "image": "https://img-c.udemycdn.com/course/750x422/405926_02c8_2.jpg"
    },
    {
      "id": 513244,
      "title": "Data Science A-Z™: Real-Life Data Science Exercises Included",
      "url": "/course/datascience/",
      "rating": 4.4931216,
      "num_reviews": 32845,
      "last_update_date": "09/01/2023",
      "duration": "21 total hours",
      "instructors_id": 2364054,
      "image": "https://img-c.udemycdn.com/course/750x422/513244_b831_4.jpg"
    },
    {
      "id": 806922,
      "title": "The Complete ASP.NET MVC 5 Course",
      "url": "/course/the-complete-aspnet-mvc-5-course/",
      "rating": 4.2861457,
      "num_reviews": 32317,
      "last_update_date": "25/04/2018",
      "duration": "7.5 total hours",
      "instructors_id": 712832,
      "image": "https://img-c.udemycdn.com/course/750x422/806922_6310_3.jpg"
    },
    {
      "id": 1535678,
      "title": "Java Programming for Complete Beginners",
      "url": "/course/java-programming-tutorial-for-beginners/",
      "rating": 4.5522065,
      "num_reviews": 32334,
      "last_update_date": "22/01/2023",
      "duration": "33.5 total hours",
      "instructors_id": 13363166,
      "image": "https://img-c.udemycdn.com/course/750x422/1535678_0ce9_7.jpg"
    },
    {
      "id": 383576,
      "title": "C# Intermediate: Classes, Interfaces and OOP",
      "url": "/course/csharp-intermediate-classes-interfaces-and-oop/",
      "rating": 4.506116,
      "num_reviews": 31692,
      "last_update_date": "16/10/2019",
      "duration": "6 total hours",
      "instructors_id": 712832,
      "image": "https://img-c.udemycdn.com/course/750x422/383576_fd27_3.jpg"
    },
    {
      "id": 1289478,
      "title": "iOS 11 & Swift 4 - The Complete iOS App Development Bootcamp",
      "url": "/course/ios11-app-development-bootcamp/",
      "rating": 4.204209,
      "num_reviews": 31637,
      "last_update_date": "15/11/2021",
      "duration": "49.5 total hours",
      "instructors_id": 31334738,
      "image": "https://img-c.udemycdn.com/course/750x422/1289478_5831_10.jpg"
    },
    {
      "id": 1309202,
      "title": "Go: The Complete Developer's Guide (Golang)",
      "url": "/course/go-the-complete-developers-guide/",
      "rating": 4.563549,
      "num_reviews": 31635,
      "last_update_date": "01/02/2023",
      "duration": "9 total hours",
      "instructors_id": 5487312,
      "image": "https://img-c.udemycdn.com/course/750x422/1309202_1231_4.jpg"
    },
    {
      "id": 1436092,
      "title": "React Native - The Practical Guide [2023]",
      "url": "/course/react-native-the-practical-guide/",
      "rating": 4.7149906,
      "num_reviews": 31464,
      "last_update_date": "18/11/2022",
      "duration": "28.5 total hours",
      "instructors_id": 31926668,
      "image": "https://img-c.udemycdn.com/course/750x422/1436092_2024_4.jpg"
    },
    {
      "id": 1463348,
      "title": "Modern JavaScript From The Beginning",
      "url": "/course/modern-javascript-from-the-beginning/",
      "rating": 4.6625905,
      "num_reviews": 30784,
      "last_update_date": "09/12/2019",
      "duration": "21.5 total hours",
      "instructors_id": 21681922,
      "image": "https://img-c.udemycdn.com/course/750x422/1463348_52a4_2.jpg"
    },
    {
      "id": 1917546,
      "title": "Master the Coding Interview: Data Structures + Algorithms",
      "url": "/course/master-the-coding-interview-data-structures-algorithms/",
      "rating": 4.698323,
      "num_reviews": 30082,
      "last_update_date": "01/02/2023",
      "duration": "20 total hours",
      "instructors_id": 38516954,
      "image": "https://img-c.udemycdn.com/course/750x422/1917546_682b_3.jpg"
    },
    {
      "id": 1467808,
      "title": "C Programming For Beginners - Master the C Language",
      "url": "/course/c-programming-for-beginners-/",
      "rating": 4.310126,
      "num_reviews": 29099,
      "last_update_date": "26/10/2022",
      "duration": "23.5 total hours",
      "instructors_id": 35101150,
      "image": "https://img-c.udemycdn.com/course/750x422/1467808_f8c0.jpg"
    },
    {
      "id": 1120038,
      "title": "Learn JIRA with real-world examples (+Confluence bonus)",
      "url": "/course/the-complete-guide-to-jira-with-real-world-examples/",
      "rating": 4.6357136,
      "num_reviews": 29012,
      "last_update_date": "11/08/2022",
      "duration": "11.5 total hours",
      "instructors_id": 13616792,
      "image": "https://img-c.udemycdn.com/course/750x422/1120038_2d02_6.jpg"
    },
    {
      "id": 694982,
      "title": "Rest API Testing (Automation) from Scratch-Rest Assured Java",
      "url": "/course/rest-api-automation-testing-rest-assured/",
      "rating": 4.546231,
      "num_reviews": 28850,
      "last_update_date": "05/01/2023",
      "duration": "27.5 total hours",
      "instructors_id": 5997742,
      "image": "https://img-c.udemycdn.com/course/750x422/694982_33b0.jpg"
    },
    {
      "id": 671576,
      "title": "Machine Learning, Data Science and Deep Learning with Python",
      "url": "/course/data-science-and-machine-learning-with-python-hands-on/",
      "rating": 4.5806003,
      "num_reviews": 28511,
      "last_update_date": "18/09/2022",
      "duration": "15.5 total hours",
      "instructors_id": 13148312,
      "image": "https://img-c.udemycdn.com/course/750x422/671576_a272_4.jpg"
    },
    {
      "id": 951618,
      "title": "The Complete Android N Developer Course",
      "url": "/course/complete-android-n-developer-course/",
      "rating": 4.144725,
      "num_reviews": 28473,
      "last_update_date": "06/08/2021",
      "duration": "32.5 total hours",
      "instructors_id": 4387876,
      "image": "https://img-c.udemycdn.com/course/750x422/951618_0839_2.jpg"
    },
    {
      "id": 299398,
      "title": "Relational Database Design",
      "url": "/course/relational-database-design/",
      "rating": 4.3373275,
      "num_reviews": 28310,
      "last_update_date": "24/06/2020",
      "duration": "1.5 total hours",
      "instructors_id": 932551,
      "image": "https://img-c.udemycdn.com/course/750x422/299398_1a2c_2.jpg"
    },
    {
      "id": 2779762,
      "title": "DevOps , CI/CD(Continuous Integration/Delivery for Beginners",
      "url": "/course/ci-cd-devops/",
      "rating": 4.4945054,
      "num_reviews": 28019,
      "last_update_date": "03/11/2022",
      "duration": "1 total hour",
      "instructors_id": 78777828,
      "image": "https://img-c.udemycdn.com/course/750x422/2779762_87e5_4.jpg"
    },
    {
      "id": 461160,
      "title": "Learn and Understand NodeJS",
      "url": "/course/understand-nodejs/",
      "rating": 4.4803376,
      "num_reviews": 27996,
      "last_update_date": "24/09/2020",
      "duration": "13 total hours",
      "instructors_id": 2467626,
      "image": "https://img-c.udemycdn.com/course/750x422/461160_8d87_6.jpg"
    },
    {
      "id": 1350984,
      "title": "The Modern Python 3 Bootcamp",
      "url": "/course/the-modern-python3-bootcamp/",
      "rating": 4.730335,
      "num_reviews": 27793,
      "last_update_date": "22/12/2022",
      "duration": "30.5 total hours",
      "instructors_id": 4466306,
      "image": "https://img-c.udemycdn.com/course/750x422/1350984_2355_6.jpg"
    },
    {
      "id": 1743420,
      "title": "JavaScript Basics for Beginners",
      "url": "/course/javascript-basics-for-beginners/",
      "rating": 4.521807,
      "num_reviews": 27010,
      "last_update_date": "21/06/2018",
      "duration": "6.5 total hours",
      "instructors_id": 712832,
      "image": "https://img-c.udemycdn.com/course/750x422/1743420_0062.jpg"
    },
    {
      "id": 221674,
      "title": "Git Complete: The definitive, step-by-step guide to Git",
      "url": "/course/git-complete/",
      "rating": 4.419294,
      "num_reviews": 26763,
      "last_update_date": "28/08/2022",
      "duration": "6.5 total hours",
      "instructors_id": 5341724,
      "image": "https://img-c.udemycdn.com/course/750x422/221674_1411_4.jpg"
    },
    {
      "id": 1247828,
      "title": "The Complete Angular Course: Beginner to Advanced",
      "url": "/course/the-complete-angular-master-class/",
      "rating": 4.3804026,
      "num_reviews": 26441,
      "last_update_date": "25/04/2018",
      "duration": "29.5 total hours",
      "instructors_id": 712832,
      "image": "https://img-c.udemycdn.com/course/750x422/1247828_32bb.jpg"
    },
    {
      "id": 913448,
      "title": "Python A-Z™: Python For Data Science With Real Exercises!",
      "url": "/course/python-coding/",
      "rating": 4.600957,
      "num_reviews": 25602,
      "last_update_date": "09/01/2023",
      "duration": "11 total hours",
      "instructors_id": 2364054,
      "image": "https://img-c.udemycdn.com/course/750x422/913448_e6e2_4.jpg"
    },
    {
      "id": 2365628,
      "title": "Complete React Developer in 2023 (w/ Redux, Hooks, GraphQL)",
      "url": "/course/complete-react-developer-zero-to-mastery/",
      "rating": 4.6014514,
      "num_reviews": 25393,
      "last_update_date": "13/02/2023",
      "duration": "40 total hours",
      "instructors_id": 38516954,
      "image": "https://img-c.udemycdn.com/course/750x422/2365628_0b60_9.jpg"
    },
    {
      "id": 836376,
      "title": "Python for Absolute Beginners",
      "url": "/course/python-for-absolute-beginners-u/",
      "rating": 4.455916,
      "num_reviews": 25230,
      "last_update_date": "22/01/2023",
      "duration": "4.5 total hours",
      "instructors_id": 22313626,
      "image": "https://img-c.udemycdn.com/course/750x422/836376_8b97_4.jpg"
    },
    {
      "id": 1466612,
      "title": "Ethereum and Solidity: The Complete Developer's Guide",
      "url": "/course/ethereum-and-solidity-the-complete-developers-guide/",
      "rating": 4.585014,
      "num_reviews": 25012,
      "last_update_date": "01/02/2023",
      "duration": "24 total hours",
      "instructors_id": 5487312,
      "image": "https://img-c.udemycdn.com/course/750x422/1466612_bead_3.jpg"
    },
    {
      "id": 2508942,
      "title": "JavaScript - The Complete Guide 2023 (Beginner + Advanced)",
      "url": "/course/javascript-the-complete-guide-2020-beginner-advanced/",
      "rating": 4.6158643,
      "num_reviews": 25028,
      "last_update_date": "26/01/2023",
      "duration": "52.5 total hours",
      "instructors_id": 31926668,
      "image": "https://img-c.udemycdn.com/course/750x422/2508942_11d3_3.jpg"
    },
    {
      "id": 2153774,
      "title": "Modern HTML & CSS From The Beginning (Including Sass)",
      "url": "/course/modern-html-css-from-the-beginning/",
      "rating": 4.693512,
      "num_reviews": 24765,
      "last_update_date": "23/03/2022",
      "duration": "21 total hours",
      "instructors_id": 21681922,
      "image": "https://img-c.udemycdn.com/course/750x422/2153774_bef0_4.jpg"
    },
    {
      "id": 505208,
      "title": "Responsive Web Design: HTML5 + CSS3 for Entrepreneurs 2018",
      "url": "/course/html-css-more/",
      "rating": 4.5103316,
      "num_reviews": 24268,
      "last_update_date": "04/09/2018",
      "duration": "5.5 total hours",
      "instructors_id": 8800948,
      "image": "https://img-c.udemycdn.com/course/750x422/505208_2307_5.jpg"
    },
    {
      "id": 1581488,
      "title": "Complete C# Masterclass",
      "url": "/course/complete-csharp-masterclass/",
      "rating": 4.524809,
      "num_reviews": 24047,
      "last_update_date": "14/02/2023",
      "duration": "37 total hours",
      "instructors_id": 4573650,
      "image": "https://img-c.udemycdn.com/course/750x422/1581488_e3e1_2.jpg"
    },
    {
      "id": 1248866,
      "title": "Alteryx Bootcamp",
      "url": "/course/alteryx-bootcamp/",
      "rating": 4.6360116,
      "num_reviews": 23536,
      "last_update_date": "01/02/2022",
      "duration": "6.5 total hours",
      "instructors_id": 22088672,
      "image": "https://img-c.udemycdn.com/course/750x422/1248866_794c_6.jpg"
    },
    {
      "id": 1988542,
      "title": "Kubernetes Certified Application Developer (CKAD) with Tests",
      "url": "/course/certified-kubernetes-application-developer/",
      "rating": 4.711216,
      "num_reviews": 23528,
      "last_update_date": "08/02/2023",
      "duration": "15 total hours",
      "instructors_id": 31303958,
      "image": "https://img-c.udemycdn.com/course/750x422/1988542_3bcb_12.jpg"
    },
    {
      "id": 882826,
      "title": "The Complete Python Programming Course: Beginner to Advanced",
      "url": "/course/python-complete/",
      "rating": 4.0126486,
      "num_reviews": 23382,
      "last_update_date": "04/11/2022",
      "duration": "18 total hours",
      "instructors_id": 12013100,
      "image": "https://img-c.udemycdn.com/course/750x422/882826_4687_3.jpg"
    },
    {
      "id": 405282,
      "title": "PHP for Beginners - Become a PHP Master - CMS Project",
      "url": "/course/php-for-complete-beginners-includes-msql-object-oriented/",
      "rating": 4.3542204,
      "num_reviews": 23334,
      "last_update_date": "11/10/2022",
      "duration": "37 total hours",
      "instructors_id": 6772884,
      "image": "https://img-c.udemycdn.com/course/750x422/405282_27d2_3.jpg"
    },
    {
      "id": 833442,
      "title": "Angular & NodeJS - The MEAN Stack Guide [2023 Edition]",
      "url": "/course/angular-2-and-nodejs-the-practical-guide/",
      "rating": 4.603657,
      "num_reviews": 23225,
      "last_update_date": "18/11/2022",
      "duration": "12.5 total hours",
      "instructors_id": 13952972,
      "image": "https://img-c.udemycdn.com/course/750x422/833442_b26e_5.jpg"
    },
    {
      "id": 827692,
      "title": "The Complete Java Certification Course",
      "url": "/course/master-practical-java-development/",
      "rating": 4.4800606,
      "num_reviews": 23190,
      "last_update_date": "23/11/2022",
      "duration": "17.5 total hours",
      "instructors_id": 7315098,
      "image": "https://img-c.udemycdn.com/course/750x422/827692_91ad_2.jpg"
    },
    {
      "id": 1406344,
      "title": "JavaScript Algorithms and Data Structures Masterclass",
      "url": "/course/js-algorithms-and-data-structures-masterclass/",
      "rating": 4.720601,
      "num_reviews": 23175,
      "last_update_date": "22/12/2022",
      "duration": "22 total hours",
      "instructors_id": 4466306,
      "image": "https://img-c.udemycdn.com/course/750x422/1406344_1d65_3.jpg"
    },
    {
      "id": 1219332,
      "title": "Artificial Intelligence A-Z™: Learn How To Build An AI",
      "url": "/course/artificial-intelligence-az/",
      "rating": 4.416292,
      "num_reviews": 22540,
      "last_update_date": "04/02/2023",
      "duration": "17 total hours",
      "instructors_id": 22113450,
      "image": "https://img-c.udemycdn.com/course/750x422/1219332_bdd7.jpg"
    },
    {
      "id": 1286908,
      "title": "The Complete React Developer Course (w/ Hooks and Redux)",
      "url": "/course/react-2nd-edition/",
      "rating": 4.467608,
      "num_reviews": 22523,
      "last_update_date": "26/10/2020",
      "duration": "39 total hours",
      "instructors_id": 7231684,
      "image": "https://img-c.udemycdn.com/course/750x422/1286908_1773_6.jpg"
    },
    {
      "id": 459948,
      "title": "Microsoft SQL for Beginners",
      "url": "/course/microsoft-sql-for-beginners/",
      "rating": 4.586989,
      "num_reviews": 22271,
      "last_update_date": "13/12/2020",
      "duration": "4 total hours",
      "instructors_id": 11900060,
      "image": "https://img-c.udemycdn.com/course/750x422/459948_7533_2.jpg"
    },
    {
      "id": 1386294,
      "title": "Python for beginners",
      "url": "/course/python-core-and-advanced/",
      "rating": 4.497442,
      "num_reviews": 21785,
      "last_update_date": "12/02/2023",
      "duration": "14 total hours",
      "instructors_id": 8735380,
      "image": "https://img-c.udemycdn.com/course/750x422/1386294_cf10_3.jpg"
    },
    {
      "id": 289230,
      "title": "Learn and Understand AngularJS",
      "url": "/course/learn-angularjs/",
      "rating": 4.498741,
      "num_reviews": 21369,
      "last_update_date": "24/09/2020",
      "duration": "7 total hours",
      "instructors_id": 2467626,
      "image": "https://img-c.udemycdn.com/course/750x422/289230_1056_16.jpg"
    },
    {
      "id": 358540,
      "title": "Java In-Depth: Become a Complete Java Engineer!",
      "url": "/course/java-in-depth-become-a-complete-java-engineer/",
      "rating": 4.4579406,
      "num_reviews": 20974,
      "last_update_date": "11/11/2022",
      "duration": "68 total hours",
      "instructors_id": 9164404,
      "image": "https://img-c.udemycdn.com/course/750x422/358540_d06b_11.jpg"
    },
    {
      "id": 980798,
      "title": "Spark and Python for Big Data with PySpark",
      "url": "/course/spark-and-python-for-big-data-with-pyspark/",
      "rating": 4.5412364,
      "num_reviews": 20838,
      "last_update_date": "31/05/2020",
      "duration": "10.5 total hours",
      "instructors_id": 9685726,
      "image": "https://img-c.udemycdn.com/course/750x422/980798_6081.jpg"
    },
    {
      "id": 642102,
      "title": "Learn How To Code: Google's Go (golang) Programming Language",
      "url": "/course/learn-how-to-code/",
      "rating": 4.577774,
      "num_reviews": 20739,
      "last_update_date": "03/06/2022",
      "duration": "45.5 total hours",
      "instructors_id": 710121,
      "image": "https://img-c.udemycdn.com/course/750x422/642102_4e20_2.jpg"
    },
    {
      "id": 1010586,
      "title": "Become a WordPress Developer: Unlocking Power With Code",
      "url": "/course/become-a-wordpress-developer-php-javascript/",
      "rating": 4.7330165,
      "num_reviews": 20646,
      "last_update_date": "22/12/2022",
      "duration": "42 total hours",
      "instructors_id": 5993622,
      "image": "https://img-c.udemycdn.com/course/750x422/1010586_b622_3.jpg"
    },
    {
      "id": 1906852,
      "title": "MongoDB - The Complete Developer's Guide 2023",
      "url": "/course/mongodb-the-complete-developers-guide/",
      "rating": 4.678273,
      "num_reviews": 20444,
      "last_update_date": "18/11/2022",
      "duration": "17.5 total hours",
      "instructors_id": 31926668,
      "image": "https://img-c.udemycdn.com/course/750x422/1906852_93c6_2.jpg"
    },
    {
      "id": 1672380,
      "title": "Learn C++ Programming -Beginner to Advance- Deep Dive in C++",
      "url": "/course/cpp-deep-dive/",
      "rating": 4.5908847,
      "num_reviews": 20309,
      "last_update_date": "09/10/2022",
      "duration": "30.5 total hours",
      "instructors_id": 27878376,
      "image": "https://img-c.udemycdn.com/course/750x422/1672380_0d86_4.jpg"
    },
    {
      "id": 1455016,
      "title": "Build an app with ASPNET Core and Angular from scratch",
      "url": "/course/build-an-app-with-aspnet-core-and-angular-from-scratch/",
      "rating": 4.631411,
      "num_reviews": 20276,
      "last_update_date": "12/01/2023",
      "duration": "35.5 total hours",
      "instructors_id": 36549886,
      "image": "https://img-c.udemycdn.com/course/750x422/1455016_0b2d_2.jpg"
    },
    {
      "id": 356030,
      "title": "C# Advanced Topics: Prepare for Technical Interviews",
      "url": "/course/csharp-advanced/",
      "rating": 4.4794064,
      "num_reviews": 20157,
      "last_update_date": "16/10/2019",
      "duration": "3 total hours",
      "instructors_id": 712832,
      "image": "https://img-c.udemycdn.com/course/750x422/356030_0209_4.jpg"
    },
    {
      "id": 2125112,
      "title": "The Complete 2023 Software Testing Bootcamp",
      "url": "/course/testerbootcamp/",
      "rating": 4.540301,
      "num_reviews": 19607,
      "last_update_date": "22/11/2022",
      "duration": "27.5 total hours",
      "instructors_id": 22543074,
      "image": "https://img-c.udemycdn.com/course/750x422/2125112_86f5_8.jpg"
    },
    {
      "id": 970600,
      "title": "REST APIs with Flask and Python in 2023",
      "url": "/course/rest-api-flask-and-python/",
      "rating": 4.6221533,
      "num_reviews": 19507,
      "last_update_date": "13/02/2023",
      "duration": "12 total hours",
      "instructors_id": 766460,
      "image": "https://img-c.udemycdn.com/course/750x422/970600_68be_4.jpg"
    },
    {
      "id": 1547268,
      "title": "The Complete Python Course | Learn Python by Doing in 2023",
      "url": "/course/the-complete-python-course/",
      "rating": 4.5835357,
      "num_reviews": 19180,
      "last_update_date": "07/02/2023",
      "duration": "35.5 total hours",
      "instructors_id": 33231436,
      "image": "https://img-c.udemycdn.com/course/750x422/1547268_1b84_3.jpg"
    },
    {
      "id": 932344,
      "title": "Data Analysis with Pandas and Python",
      "url": "/course/data-analysis-with-pandas/",
      "rating": 4.668358,
      "num_reviews": 18831,
      "last_update_date": "01/01/2023",
      "duration": "22 total hours",
      "instructors_id": 7947666,
      "image": "https://img-c.udemycdn.com/course/750x422/932344_e14a_2.jpg"
    },
    {
      "id": 396876,
      "title": "Learning Python for Data Analysis and Visualization Ver 1",
      "url": "/course/learning-python-for-data-analysis-and-visualization/",
      "rating": 4.323516,
      "num_reviews": 18789,
      "last_update_date": "04/09/2019",
      "duration": "21 total hours",
      "instructors_id": 9685726,
      "image": "https://img-c.udemycdn.com/course/750x422/396876_cc92_7.jpg"
    },
    {
      "id": 693188,
      "title": "Complete Guide to Elasticsearch",
      "url": "/course/elasticsearch-complete-guide/",
      "rating": 4.5598807,
      "num_reviews": 18771,
      "last_update_date": "05/02/2023",
      "duration": "12 total hours",
      "instructors_id": 8092788,
      "image": "https://img-c.udemycdn.com/course/750x422/693188_6360_3.jpg"
    },
    {
      "id": 1217894,
      "title": "Spring Framework 5: Beginner to Guru",
      "url": "/course/spring-framework-5-beginner-to-guru/",
      "rating": 4.352017,
      "num_reviews": 18323,
      "last_update_date": "31/01/2023",
      "duration": "57.5 total hours",
      "instructors_id": 14788334,
      "image": "https://img-c.udemycdn.com/course/750x422/1217894_e8cc_4.jpg"
    },
    {
      "id": 221696,
      "title": "Git Going Fast: One Hour Git Crash Course",
      "url": "/course/git-going-fast/",
      "rating": 4.4038973,
      "num_reviews": 17982,
      "last_update_date": "28/08/2022",
      "duration": "1.5 total hours",
      "instructors_id": 5341724,
      "image": "https://img-c.udemycdn.com/course/750x422/221696_d05a_4.jpg"
    },
    {
      "id": 719002,
      "title": "Angular Crash Course for Busy Developers",
      "url": "/course/angular-crash-course/",
      "rating": 4.5884104,
      "num_reviews": 17936,
      "last_update_date": "25/04/2018",
      "duration": "10.5 total hours",
      "instructors_id": 712832,
      "image": "https://img-c.udemycdn.com/course/750x422/719002_af70_3.jpg"
    },
    {
      "id": 1328572,
      "title": "The Ultimate Guide to Game Development with Unity (Official)",
      "url": "/course/the-ultimate-guide-to-game-development-with-unity/",
      "rating": 4.5862236,
      "num_reviews": 17760,
      "last_update_date": "11/10/2022",
      "duration": "36.5 total hours",
      "instructors_id": 27674560,
      "image": "https://img-c.udemycdn.com/course/750x422/1328572_b05d_5.jpg"
    },
    {
      "id": 1405812,
      "title": "The Complete Android Oreo Developer Course - Build 23 Apps!",
      "url": "/course/the-complete-android-oreo-developer-course/",
      "rating": 4.525833,
      "num_reviews": 17376,
      "last_update_date": "01/10/2021",
      "duration": "37.5 total hours",
      "instructors_id": 4387876,
      "image": "https://img-c.udemycdn.com/course/750x422/1405812_931d_2.jpg"
    },
    {
      "id": 1527300,
      "title": "Learn Python & Ethical Hacking From Scratch",
      "url": "/course/learn-python-and-ethical-hacking-from-scratch/",
      "rating": 4.645034,
      "num_reviews": 17192,
      "last_update_date": "13/01/2023",
      "duration": "25 total hours",
      "instructors_id": 6956218,
      "image": "https://img-c.udemycdn.com/course/750x422/1527300_96c9_2.jpg"
    },
    {
      "id": 1212032,
      "title": "Python for Financial Analysis and Algorithmic Trading",
      "url": "/course/python-for-finance-and-trading-algorithms/",
      "rating": 4.3687706,
      "num_reviews": 16995,
      "last_update_date": "02/12/2020",
      "duration": "16.5 total hours",
      "instructors_id": 9685726,
      "image": "https://img-c.udemycdn.com/course/750x422/1212032_b7e8.jpg"
    },
    {
      "id": 3490000,
      "title": "Docker & Kubernetes: The Practical Guide [2023 Edition]",
      "url": "/course/docker-kubernetes-the-practical-guide/",
      "rating": 4.736784,
      "num_reviews": 16699,
      "last_update_date": "18/11/2022",
      "duration": "23.5 total hours",
      "instructors_id": 31926668,
      "image": "https://img-c.udemycdn.com/course/750x422/3490000_d298_2.jpg"
    },
    {
      "id": 1326292,
      "title": "Complete Guide to TensorFlow for Deep Learning with Python",
      "url": "/course/complete-guide-to-tensorflow-for-deep-learning-with-python/",
      "rating": 4.209859,
      "num_reviews": 16609,
      "last_update_date": "16/04/2020",
      "duration": "14 total hours",
      "instructors_id": 9685726,
      "image": "https://img-c.udemycdn.com/course/750x422/1326292_4dcf.jpg"
    },
    {
      "id": 53670,
      "title": "Selenium 4 WebDriver with Java(Basics + Advance + Architect)",
      "url": "/course/selenium-training/",
      "rating": 4.5113096,
      "num_reviews": 16564,
      "last_update_date": "27/11/2022",
      "duration": "143 total hours",
      "instructors_id": 767883,
      "image": "https://img-c.udemycdn.com/course/750x422/53670_9ee2_8.jpg"
    },
    {
      "id": 892806,
      "title": "Apache Spark with Scala - Hands On with Big Data!",
      "url": "/course/apache-spark-with-scala-hands-on-with-big-data/",
      "rating": 4.543936,
      "num_reviews": 16554,
      "last_update_date": "18/09/2022",
      "duration": "9 total hours",
      "instructors_id": 13148312,
      "image": "https://img-c.udemycdn.com/course/750x422/892806_514e_3.jpg"
    },
    {
      "id": 1672410,
      "title": "Node.js, Express, MongoDB & More: The Complete Bootcamp 2023",
      "url": "/course/nodejs-express-mongodb-bootcamp/",
      "rating": 4.658871,
      "num_reviews": 16502,
      "last_update_date": "07/11/2022",
      "duration": "42 total hours",
      "instructors_id": 7799204,
      "image": "https://img-c.udemycdn.com/course/750x422/1672410_9ff1_5.jpg"
    },
    {
      "id": 1313502,
      "title": "Bootstrap 4 From Scratch With 5 Projects",
      "url": "/course/bootstrap-4-from-scratch-with-5-projects/",
      "rating": 4.707623,
      "num_reviews": 16404,
      "last_update_date": "07/06/2018",
      "duration": "11.5 total hours",
      "instructors_id": 21681922,
      "image": "https://img-c.udemycdn.com/course/750x422/1313502_b57f_2.jpg"
    },
    {
      "id": 770336,
      "title": "Understanding Jira for users, managers and admins",
      "url": "/course/introduction-to-jira/",
      "rating": 4.468463,
      "num_reviews": 16374,
      "last_update_date": "12/01/2023",
      "duration": "7 total hours",
      "instructors_id": 1293438,
      "image": "https://img-c.udemycdn.com/course/750x422/770336_d591_4.jpg"
    },
    {
      "id": 164058,
      "title": "The Ultimate Excel Programmer Course",
      "url": "/course/ultimate-excel-programmer/",
      "rating": 4.6870337,
      "num_reviews": 16083,
      "last_update_date": "11/01/2023",
      "duration": "30.5 total hours",
      "instructors_id": 3795950,
      "image": "https://img-c.udemycdn.com/course/750x422/164058_e914_2.jpg"
    },
    {
      "id": 246314,
      "title": "Appium -Mobile Testing (Android/IOS) from Scratch+Frameworks",
      "url": "/course/mobile-automation-using-appiumselenium-3/",
      "rating": 4.502746,
      "num_reviews": 16018,
      "last_update_date": "01/01/2023",
      "duration": "25.5 total hours",
      "instructors_id": 5997742,
      "image": "https://img-c.udemycdn.com/course/750x422/246314_3f1f_5.jpg"
    },
    {
      "id": 1070124,
      "title": "Ionic - Build iOS, Android & Web Apps with Ionic & Angular",
      "url": "/course/ionic-2-the-practical-guide-to-building-ios-android-apps/",
      "rating": 4.585159,
      "num_reviews": 15799,
      "last_update_date": "18/11/2022",
      "duration": "20.5 total hours",
      "instructors_id": 13952972,
      "image": "https://img-c.udemycdn.com/course/750x422/1070124_3a0f_4.jpg"
    },
    {
      "id": 821726,
      "title": "Data Science and Machine Learning Bootcamp with R",
      "url": "/course/data-science-and-machine-learning-bootcamp-with-r/",
      "rating": 4.621786,
      "num_reviews": 15758,
      "last_update_date": "21/12/2020",
      "duration": "18 total hours",
      "instructors_id": 9685726,
      "image": "https://img-c.udemycdn.com/course/750x422/821726_8071.jpg"
    },
    {
      "id": 456460,
      "title": "MasterClass Software Testing with Jira & Agile -Be a QA Lead",
      "url": "/course/learn-software-testing-in-practical-become-a-qa-expert/",
      "rating": 4.51028,
      "num_reviews": 15771,
      "last_update_date": "05/01/2023",
      "duration": "10.5 total hours",
      "instructors_id": 5997742,
      "image": "https://img-c.udemycdn.com/course/750x422/456460_2b1c_4.jpg"
    },
    {
      "id": 549998,
      "title": "The Complete Oracle SQL Bootcamp (2023)",
      "url": "/course/oracle-sql-12c-become-an-sql-developer-with-subtitle/",
      "rating": 4.6032963,
      "num_reviews": 15707,
      "last_update_date": "03/02/2023",
      "duration": "37.5 total hours",
      "instructors_id": 14078692,
      "image": "https://img-c.udemycdn.com/course/750x422/549998_134f_15.jpg"
    },
    {
      "id": 246392,
      "title": "WebServices/Rest API Testing with SoapUI +Real time Projects",
      "url": "/course/webservices-testing-with-soap-ui/",
      "rating": 4.500067,
      "num_reviews": 15640,
      "last_update_date": "25/07/2022",
      "duration": "12.5 total hours",
      "instructors_id": 5997742,
      "image": "https://img-c.udemycdn.com/course/750x422/246392_a0af_2.jpg"
    },
    {
      "id": 405818,
      "title": "Javascript for Beginners Learn by Doing Practical Exercises",
      "url": "/course/javascript-for-beginners-introduction-learn-fast-easy/",
      "rating": 4.3367805,
      "num_reviews": 15432,
      "last_update_date": "20/01/2022",
      "duration": "4 total hours",
      "instructors_id": 6772884,
      "image": "https://img-c.udemycdn.com/course/750x422/405818_aa3f_3.jpg"
    },
    {
      "id": 1646980,
      "title": "MERN Stack Front To Back: Full Stack React, Redux & Node.js",
      "url": "/course/mern-stack-front-to-back/",
      "rating": 4.4284606,
      "num_reviews": 15075,
      "last_update_date": "25/11/2019",
      "duration": "12 total hours",
      "instructors_id": 21681922,
      "image": "https://img-c.udemycdn.com/course/750x422/1646980_23f7_3.jpg"
    },
    {
      "id": 519442,
      "title": "The Complete Ruby on Rails Developer Course",
      "url": "/course/the-complete-ruby-on-rails-developer-course/",
      "rating": 4.540874,
      "num_reviews": 14944,
      "last_update_date": "12/02/2021",
      "duration": "48 total hours",
      "instructors_id": 4387876,
      "image": "https://img-c.udemycdn.com/course/750x422/519442_63fe_2.jpg"
    },
    {
      "id": 3792262,
      "title": "The Git & Github Bootcamp",
      "url": "/course/git-and-github-bootcamp/",
      "rating": 4.776875,
      "num_reviews": 14820,
      "last_update_date": "22/12/2022",
      "duration": "17 total hours",
      "instructors_id": 4466306,
      "image": "https://img-c.udemycdn.com/course/750x422/3792262_6b0c_2.jpg"
    },
    {
      "id": 1205346,
      "title": "Learn DevOps: CI/CD with Jenkins using Pipelines and Docker",
      "url": "/course/learn-devops-ci-cd-with-jenkins-using-pipelines-and-docker/",
      "rating": 4.508344,
      "num_reviews": 14798,
      "last_update_date": "13/07/2022",
      "duration": "4.5 total hours",
      "instructors_id": 14145628,
      "image": "https://img-c.udemycdn.com/course/750x422/1205346_feb8_3.jpg"
    },
    {
      "id": 41295,
      "title": "Learn HTML5 Programming From Scratch",
      "url": "/course/learn-html5-programming-from-scratch/",
      "rating": 4.3234725,
      "num_reviews": 14664,
      "last_update_date": "27/11/2019",
      "duration": "17 total hours",
      "instructors_id": 598757,
      "image": "https://img-c.udemycdn.com/course/750x422/41295_dd3f_9.jpg"
    },
    {
      "id": 2707184,
      "title": "Java Programming: Complete Beginner to Advanced",
      "url": "/course/java-programming-complete-beginner-to-advanced/",
      "rating": 4.654761,
      "num_reviews": 14638,
      "last_update_date": "17/01/2023",
      "duration": "7 total hours",
      "instructors_id": 97332300,
      "image": "https://img-c.udemycdn.com/course/750x422/2707184_4c5e_3.jpg"
    },
    {
      "id": 520116,
      "title": "The Complete WordPress Website Business Course",
      "url": "/course/the-complete-wordpress-website-business-course/",
      "rating": 4.4034615,
      "num_reviews": 14614,
      "last_update_date": "12/12/2022",
      "duration": "22 total hours",
      "instructors_id": 4387876,
      "image": "https://img-c.udemycdn.com/course/750x422/520116_edf5_2.jpg"
    },
    {
      "id": 2511476,
      "title": "Complete Machine Learning & Data Science Bootcamp 2023",
      "url": "/course/complete-machine-learning-and-data-science-zero-to-mastery/",
      "rating": 4.6351657,
      "num_reviews": 14538,
      "last_update_date": "01/02/2023",
      "duration": "44 total hours",
      "instructors_id": 38516954,
      "image": "https://img-c.udemycdn.com/course/750x422/2511476_4e38_5.jpg"
    },
    {
      "id": 958532,
      "title": "Bash Scripting and Shell Programming (Linux Command Line)",
      "url": "/course/bash-scripting/",
      "rating": 4.4979715,
      "num_reviews": 14434,
      "last_update_date": "01/02/2023",
      "duration": "2.5 total hours",
      "instructors_id": 278531,
      "image": "https://img-c.udemycdn.com/course/750x422/958532_478a_4.jpg"
    },
    {
      "id": 1254420,
      "title": "Node with React: Fullstack Web Development",
      "url": "/course/node-with-react-fullstack-web-development/",
      "rating": 4.4075274,
      "num_reviews": 14370,
      "last_update_date": "01/02/2023",
      "duration": "26 total hours",
      "instructors_id": 5487312,
      "image": "https://img-c.udemycdn.com/course/750x422/1254420_f6cb_4.jpg"
    },
    {
      "id": 622414,
      "title": "Taming Big Data with Apache Spark and Python - Hands On!",
      "url": "/course/taming-big-data-with-apache-spark-hands-on/",
      "rating": 4.4785776,
      "num_reviews": 14350,
      "last_update_date": "18/01/2023",
      "duration": "7 total hours",
      "instructors_id": 13148312,
      "image": "https://img-c.udemycdn.com/course/750x422/622414_03f5_4.jpg"
    },
    {
      "id": 714724,
      "title": "Docker Crash Course for busy DevOps and Developers",
      "url": "/course/docker-tutorial-for-devops-run-docker-containers/",
      "rating": 4.4677744,
      "num_reviews": 14300,
      "last_update_date": "03/05/2018",
      "duration": "3 total hours",
      "instructors_id": 14703256,
      "image": "https://img-c.udemycdn.com/course/750x422/714724_b3b4_9.jpg"
    },
    {
      "id": 2887266,
      "title": "Microservices with Node JS and React",
      "url": "/course/microservices-with-node-js-and-react/",
      "rating": 4.7695255,
      "num_reviews": 14252,
      "last_update_date": "01/02/2023",
      "duration": "54.5 total hours",
      "instructors_id": 5487312,
      "image": "https://img-c.udemycdn.com/course/750x422/2887266_c696_5.jpg"
    },
    {
      "id": 2022294,
      "title": "Jenkins, From Zero To Hero: Become a DevOps Jenkins Master",
      "url": "/course/jenkins-from-zero-to-hero/",
      "rating": 4.3782997,
      "num_reviews": 14165,
      "last_update_date": "10/05/2020",
      "duration": "10.5 total hours",
      "instructors_id": 32100244,
      "image": "https://img-c.udemycdn.com/course/750x422/2022294_e5b3_4.jpg"
    },
    {
      "id": 1409142,
      "title": "The Coding Interview Bootcamp: Algorithms + Data Structures",
      "url": "/course/coding-interview-bootcamp-algorithms-and-data-structure/",
      "rating": 4.7038536,
      "num_reviews": 13962,
      "last_update_date": "01/02/2023",
      "duration": "13 total hours",
      "instructors_id": 5487312,
      "image": "https://img-c.udemycdn.com/course/750x422/1409142_1879_8.jpg"
    },
    {
      "id": 1419186,
      "title": "Data Structures and Algorithms:  Deep Dive Using Java",
      "url": "/course/data-structures-and-algorithms-deep-dive-using-java/",
      "rating": 4.465319,
      "num_reviews": 13956,
      "last_update_date": "26/10/2022",
      "duration": "16 total hours",
      "instructors_id": 599932,
      "image": "https://img-c.udemycdn.com/course/750x422/1419186_5b21_2.jpg"
    },
    {
      "id": 446134,
      "title": "Ultimate Web Designer & Web Developer Course",
      "url": "/course/web-developer-course/",
      "rating": 4.5953646,
      "num_reviews": 13899,
      "last_update_date": "07/03/2022",
      "duration": "35 total hours",
      "instructors_id": 422607,
      "image": "https://img-c.udemycdn.com/course/750x422/446134_383c_3.jpg"
    },
    {
      "id": 380872,
      "title": "Learn JMETER from Scratch on Live Apps -Performance Testing",
      "url": "/course/learn-jmeter-from-scratch-performance-load-testing-tool/",
      "rating": 4.5292845,
      "num_reviews": 13802,
      "last_update_date": "10/08/2022",
      "duration": "8.5 total hours",
      "instructors_id": 5997742,
      "image": "https://img-c.udemycdn.com/course/750x422/380872_c6cc_5.jpg"
    },
    {
      "id": 892102,
      "title": "iOS 10 & Swift 3: From Beginner to Paid Professional™",
      "url": "/course/devslopes-ios10/",
      "rating": 4.1926703,
      "num_reviews": 13673,
      "last_update_date": "06/10/2016",
      "duration": "71 total hours",
      "instructors_id": 14214490,
      "image": "https://img-c.udemycdn.com/course/750x422/892102_963b.jpg"
    },
    {
      "id": 1166306,
      "title": "The Complete Front-End Web Development Course",
      "url": "/course/front-end-web-development/",
      "rating": 4.3538527,
      "num_reviews": 13473,
      "last_update_date": "04/11/2022",
      "duration": "17 total hours",
      "instructors_id": 12013100,
      "image": "https://img-c.udemycdn.com/course/750x422/1166306_84a1_3.jpg"
    },
    {
      "id": 977360,
      "title": "Learn DevOps: Infrastructure Automation With Terraform",
      "url": "/course/learn-devops-infrastructure-automation-with-terraform/",
      "rating": 4.4788785,
      "num_reviews": 13306,
      "last_update_date": "13/01/2022",
      "duration": "11.5 total hours",
      "instructors_id": 14145628,
      "image": "https://img-c.udemycdn.com/course/750x422/977360_8585_4.jpg"
    },
    {
      "id": 1265410,
      "title": "Postman: The Complete Guide - REST API Testing",
      "url": "/course/postman-the-complete-guide/",
      "rating": 4.642846,
      "num_reviews": 13124,
      "last_update_date": "15/02/2023",
      "duration": "17 total hours",
      "instructors_id": 23218620,
      "image": "https://img-c.udemycdn.com/course/750x422/1265410_cb96_4.jpg"
    },
    {
      "id": 397068,
      "title": "Selenium Webdriver with PYTHON from Scratch + Frameworks",
      "url": "/course/learn-selenium-automation-in-easy-python-language/",
      "rating": 4.541363,
      "num_reviews": 13089,
      "last_update_date": "01/01/2023",
      "duration": "17 total hours",
      "instructors_id": 5997742,
      "image": "https://img-c.udemycdn.com/course/750x422/397068_f67e_5.jpg"
    },
    {
      "id": 2058283,
      "title": "NLP - Natural Language Processing with Python",
      "url": "/course/nlp-natural-language-processing-with-python/",
      "rating": 4.565402,
      "num_reviews": 12977,
      "last_update_date": "04/09/2019",
      "duration": "11.5 total hours",
      "instructors_id": 9685726,
      "image": "https://img-c.udemycdn.com/course/750x422/2058283_214d.jpg"
    },
    {
      "id": 131816,
      "title": "The Agile Samurai Bootcamp",
      "url": "/course/the-agile-samurai-bootcamp/",
      "rating": 4.5769825,
      "num_reviews": 12965,
      "last_update_date": "26/08/2018",
      "duration": "3 total hours",
      "instructors_id": 2813068,
      "image": "https://img-c.udemycdn.com/course/750x422/131816_9683_10.jpg"
    },
    {
      "id": 861624,
      "title": "ES6 Javascript: The Complete Developer's Guide",
      "url": "/course/javascript-es6-tutorial/",
      "rating": 4.617705,
      "num_reviews": 12892,
      "last_update_date": "01/02/2023",
      "duration": "6.5 total hours",
      "instructors_id": 5487312,
      "image": "https://img-c.udemycdn.com/course/750x422/861624_864d_2.jpg"
    },
    {
      "id": 80940,
      "title": "Build Websites from Scratch with HTML & CSS",
      "url": "/course/build-website-scratch/",
      "rating": 4.5868936,
      "num_reviews": 12861,
      "last_update_date": "27/04/2022",
      "duration": "8.5 total hours",
      "instructors_id": 422607,
      "image": "https://img-c.udemycdn.com/course/750x422/80940_2664_10.jpg"
    },
    {
      "id": 1302610,
      "title": "Master Java Web Services and REST API with Spring Boot",
      "url": "/course/spring-web-services-tutorial/",
      "rating": 4.516815,
      "num_reviews": 12813,
      "last_update_date": "24/01/2023",
      "duration": "12 total hours",
      "instructors_id": 13363166,
      "image": "https://img-c.udemycdn.com/course/750x422/1302610_5c62_4.jpg"
    },
    {
      "id": 1470810,
      "title": "The Modern JavaScript Bootcamp",
      "url": "/course/modern-javascript/",
      "rating": 4.7127204,
      "num_reviews": 12707,
      "last_update_date": "29/11/2020",
      "duration": "29.5 total hours",
      "instructors_id": 7231684,
      "image": "https://img-c.udemycdn.com/course/750x422/1470810_a8b0.jpg"
    },
    {
      "id": 1241254,
      "title": "AWS Serverless APIs & Apps - A Complete Introduction",
      "url": "/course/aws-serverless-a-complete-introduction/",
      "rating": 4.6428404,
      "num_reviews": 12649,
      "last_update_date": "18/11/2022",
      "duration": "8 total hours",
      "instructors_id": 31926668,
      "image": "https://img-c.udemycdn.com/course/750x422/1241254_9cc1.jpg"
    },
    {
      "id": 971154,
      "title": "Introduction to Machine Learning for Data Science",
      "url": "/course/machine-learning-for-data-science/",
      "rating": 4.481771,
      "num_reviews": 12648,
      "last_update_date": "29/07/2020",
      "duration": "5.5 total hours",
      "instructors_id": 24415084,
      "image": "https://img-c.udemycdn.com/course/750x422/971154_6799_2.jpg"
    },
    {
      "id": 2309602,
      "title": "GitLab CI: Pipelines, CI/CD and DevOps for Beginners",
      "url": "/course/gitlab-ci-pipelines-ci-cd-and-devops-for-beginners/",
      "rating": 4.5134273,
      "num_reviews": 12573,
      "last_update_date": "02/02/2023",
      "duration": "5.5 total hours",
      "instructors_id": 23218620,
      "image": "https://img-c.udemycdn.com/course/750x422/2309602_ed2d_3.jpg"
    },
    {
      "id": 2521572,
      "title": "SOLID Principles: Introducing Software Architecture & Design",
      "url": "/course/solid-design/",
      "rating": 4.456612,
      "num_reviews": 12475,
      "last_update_date": "03/11/2022",
      "duration": "2 total hours",
      "instructors_id": 37215988,
      "image": "https://img-c.udemycdn.com/course/750x422/2521572_c415_9.jpg"
    },
    {
      "id": 1310772,
      "title": "Scala & Functional Programming Essentials | Rock the JVM",
      "url": "/course/rock-the-jvm-scala-for-beginners/",
      "rating": 4.602717,
      "num_reviews": 12369,
      "last_update_date": "19/10/2022",
      "duration": "11.5 total hours",
      "instructors_id": 27329018,
      "image": "https://img-c.udemycdn.com/course/750x422/1310772_2dd5_8.jpg"
    },
    {
      "id": 911256,
      "title": "Core Java Made Easy (Covers the latest Java 17)",
      "url": "/course/corejavamadeeasy/",
      "rating": 4.504961,
      "num_reviews": 12360,
      "last_update_date": "12/02/2023",
      "duration": "28 total hours",
      "instructors_id": 8735380,
      "image": "https://img-c.udemycdn.com/course/750x422/911256_4d20_5.jpg"
    },
    {
      "id": 551498,
      "title": "Entity Framework in Depth: The Complete Guide",
      "url": "/course/entity-framework-tutorial/",
      "rating": 4.615114,
      "num_reviews": 12351,
      "last_update_date": "28/08/2018",
      "duration": "6.5 total hours",
      "instructors_id": 712832,
      "image": "https://img-c.udemycdn.com/course/750x422/551498_7081.jpg"
    },
    {
      "id": 1501104,
      "title": "JavaScript: The Advanced Concepts (2023 Update)",
      "url": "/course/advanced-javascript-concepts/",
      "rating": 4.7492495,
      "num_reviews": 12308,
      "last_update_date": "01/02/2023",
      "duration": "25.5 total hours",
      "instructors_id": 38516954,
      "image": "https://img-c.udemycdn.com/course/750x422/1501104_967d_13.jpg"
    },
    {
      "id": 758582,
      "title": "PHP with Laravel for beginners - Become a Master in Laravel",
      "url": "/course/php-with-laravel-for-beginners-become-a-master-in-laravel/",
      "rating": 4.3932447,
      "num_reviews": 12086,
      "last_update_date": "17/03/2021",
      "duration": "43 total hours",
      "instructors_id": 6772884,
      "image": "https://img-c.udemycdn.com/course/750x422/758582_ea1f.jpg"
    },
    {
      "id": 1315262,
      "title": "DevOps: CI/CD with Jenkins pipelines, Maven, Gradle",
      "url": "/course/devops-and-continuous-integration-with-jenkins-pipelines/",
      "rating": 4.345092,
      "num_reviews": 11926,
      "last_update_date": "08/02/2019",
      "duration": "3.5 total hours",
      "instructors_id": 29951918,
      "image": "https://img-c.udemycdn.com/course/750x422/1315262_b3cb_2.jpg"
    },
    {
      "id": 1495788,
      "title": "Learn to Code in Python 3: Programming beginner to advanced",
      "url": "/course/learn-python-programming-a-step-by-step-course-to-beginners/",
      "rating": 4.516306,
      "num_reviews": 11831,
      "last_update_date": "03/05/2020",
      "duration": "5.5 total hours",
      "instructors_id": 28208536,
      "image": "https://img-c.udemycdn.com/course/750x422/1495788_1aaa_2.jpg"
    },
    {
      "id": 1078208,
      "title": "Learn Spring Boot 3 in 100 Steps - No 1 Java Framework",
      "url": "/course/spring-boot-tutorial-for-beginners/",
      "rating": 4.544603,
      "num_reviews": 11830,
      "last_update_date": "12/02/2023",
      "duration": "15.5 total hours",
      "instructors_id": 13363166,
      "image": "https://img-c.udemycdn.com/course/750x422/1078208_530c_3.jpg"
    },
    {
      "id": 1042110,
      "title": "Beginner Full Stack Web Development: HTML, CSS, React & Node",
      "url": "/course/ultimate-web/",
      "rating": 4.4139786,
      "num_reviews": 11765,
      "last_update_date": "31/10/2020",
      "duration": "31.5 total hours",
      "instructors_id": 14214490,
      "image": "https://img-c.udemycdn.com/course/750x422/1042110_ffc3_4.jpg"
    },
    {
      "id": 1638522,
      "title": "Node.js: The Complete Guide to Build RESTful APIs (2018)",
      "url": "/course/nodejs-master-class/",
      "rating": 4.749191,
      "num_reviews": 11511,
      "last_update_date": "25/04/2018",
      "duration": "15 total hours",
      "instructors_id": 712832,
      "image": "https://img-c.udemycdn.com/course/750x422/1638522_fbdf.jpg"
    },
    {
      "id": 1144936,
      "title": "Programming with Python : HandsOn Introduction for Beginners",
      "url": "/course/python-programming-beginners/",
      "rating": 4.3995924,
      "num_reviews": 11506,
      "last_update_date": "15/11/2021",
      "duration": "3.5 total hours",
      "instructors_id": 17864918,
      "image": "https://img-c.udemycdn.com/course/750x422/1144936_1aef_4.jpg"
    },
    {
      "id": 753140,
      "title": "Data Science: Natural Language Processing (NLP) in Python",
      "url": "/course/data-science-natural-language-processing-in-python/",
      "rating": 4.5797167,
      "num_reviews": 11399,
      "last_update_date": "04/02/2023",
      "duration": "12 total hours",
      "instructors_id": 14266988,
      "image": "https://img-c.udemycdn.com/course/750x422/753140_f3f3_2.jpg"
    },
    {
      "id": 1362052,
      "title": "AWS CloudFormation Master Class v2 [2022]",
      "url": "/course/aws-cloudformation-master-class/",
      "rating": 4.657274,
      "num_reviews": 11163,
      "last_update_date": "18/05/2022",
      "duration": "7 total hours",
      "instructors_id": 16122994,
      "image": "https://img-c.udemycdn.com/course/750x422/1362052_0bbe_7.jpg"
    },
    {
      "id": 2279412,
      "title": "Complete UiPath RPA Developer Course: Build 7 Robots",
      "url": "/course/complete-uipath-rpa-developer-course/",
      "rating": 4.597488,
      "num_reviews": 11138,
      "last_update_date": "13/01/2023",
      "duration": "32.5 total hours",
      "instructors_id": 20246784,
      "image": "https://img-c.udemycdn.com/course/750x422/2279412_4d28_2.jpg"
    },
    {
      "id": 2634490,
      "title": "The Modern Javascript Bootcamp Course (2022)",
      "url": "/course/javascript-beginners-complete-tutorial/",
      "rating": 4.719759,
      "num_reviews": 11130,
      "last_update_date": "01/02/2023",
      "duration": "52 total hours",
      "instructors_id": 4466306,
      "image": "https://img-c.udemycdn.com/course/750x422/2634490_e343_3.jpg"
    },
    {
      "id": 1312466,
      "title": "The Complete PL/SQL Bootcamp : \"Beginner to Advanced PL/SQL\"",
      "url": "/course/plsql-beginner-to-advanced-become-a-perfect-plsql-developer/",
      "rating": 4.4567103,
      "num_reviews": 11129,
      "last_update_date": "31/01/2023",
      "duration": "26.5 total hours",
      "instructors_id": 14078692,
      "image": "https://img-c.udemycdn.com/course/750x422/1312466_8faf_11.jpg"
    },
    {
      "id": 2769460,
      "title": "Python for Machine Learning & Data Science Masterclass",
      "url": "/course/python-for-machine-learning-data-science-masterclass/",
      "rating": 4.6310763,
      "num_reviews": 11096,
      "last_update_date": "11/09/2021",
      "duration": "44 total hours",
      "instructors_id": 9685726,
      "image": "https://img-c.udemycdn.com/course/750x422/2769460_e60c.jpg"
    },
    {
      "id": 535622,
      "title": "Python for Data Structures, Algorithms, and Interviews!",
      "url": "/course/python-for-data-structures-algorithms-and-interviews/",
      "rating": 4.4599075,
      "num_reviews": 11085,
      "last_update_date": "01/07/2022",
      "duration": "17 total hours",
      "instructors_id": 9685726,
      "image": "https://img-c.udemycdn.com/course/750x422/535622_3bc0.jpg"
    },
    {
      "id": 2337318,
      "title": "Typescript: The Complete Developer's Guide",
      "url": "/course/typescript-the-complete-developers-guide/",
      "rating": 4.7061863,
      "num_reviews": 11030,
      "last_update_date": "01/02/2023",
      "duration": "24.5 total hours",
      "instructors_id": 5487312,
      "image": "https://img-c.udemycdn.com/course/750x422/2337318_abfd_5.jpg"
    },
    {
      "id": 1035484,
      "title": "Unreal Engine 4: How to Develop Your First Two Games",
      "url": "/course/unreale4/",
      "rating": 4.6662936,
      "num_reviews": 10951,
      "last_update_date": "07/06/2017",
      "duration": "15.5 total hours",
      "instructors_id": 26256890,
      "image": "https://img-c.udemycdn.com/course/750x422/1035484_22c9.jpg"
    },
    {
      "id": 781532,
      "title": "Advanced React and Redux",
      "url": "/course/react-redux-tutorial/",
      "rating": 4.2462263,
      "num_reviews": 10836,
      "last_update_date": "14/02/2023",
      "duration": "21 total hours",
      "instructors_id": 5487312,
      "image": "https://img-c.udemycdn.com/course/750x422/781532_8b4d_6.jpg"
    },
    {
      "id": 895786,
      "title": "The Complete iOS 10 & Swift 3 Developer Course",
      "url": "/course/complete-ios-10-developer-course/",
      "rating": 4.498124,
      "num_reviews": 10828,
      "last_update_date": "11/08/2021",
      "duration": "30 total hours",
      "instructors_id": 4387876,
      "image": "https://img-c.udemycdn.com/course/750x422/895786_7b4b_2.jpg"
    },
    {
      "id": 618736,
      "title": "JSP, Servlets and JDBC for Beginners: Build a Database App",
      "url": "/course/jsp-tutorial/",
      "rating": 4.6390676,
      "num_reviews": 10821,
      "last_update_date": "22/12/2022",
      "duration": "9 total hours",
      "instructors_id": 7644438,
      "image": "https://img-c.udemycdn.com/course/750x422/618736_237d_5.jpg"
    },
    {
      "id": 881980,
      "title": "Pre-Programming: Everything you need to know before you code",
      "url": "/course/pre-programming-everything-you-need-to-know-before-you-code/",
      "rating": 4.6650953,
      "num_reviews": 10708,
      "last_update_date": "24/01/2023",
      "duration": "6.5 total hours",
      "instructors_id": 18187,
      "image": "https://img-c.udemycdn.com/course/750x422/881980_fc8f.jpg"
    },
    {
      "id": 1693880,
      "title": "Selenium WebDriver with Java for beginners",
      "url": "/course/selenium-for-beginners/",
      "rating": 4.575788,
      "num_reviews": 10669,
      "last_update_date": "29/01/2023",
      "duration": "6.5 total hours",
      "instructors_id": 4606812,
      "image": "https://img-c.udemycdn.com/course/750x422/1693880_298f_2.jpg"
    },
    {
      "id": 2470214,
      "title": "Cypress -Modern Automation Testing from Scratch + Frameworks",
      "url": "/course/cypress-tutorial/",
      "rating": 4.5362163,
      "num_reviews": 10443,
      "last_update_date": "14/12/2022",
      "duration": "16.5 total hours",
      "instructors_id": 5997742,
      "image": "https://img-c.udemycdn.com/course/750x422/2470214_97a0_5.jpg"
    },
    {
      "id": 1110626,
      "title": "RPG Core Combat Creator: Learn Intermediate Unity C# Coding",
      "url": "/course/unityrpg/",
      "rating": 4.711828,
      "num_reviews": 10428,
      "last_update_date": "10/02/2023",
      "duration": "27.5 total hours",
      "instructors_id": 4355282,
      "image": "https://img-c.udemycdn.com/course/750x422/1110626_255b_5.jpg"
    },
    {
      "id": 1175200,
      "title": "Statistics for Business Analytics and Data Science A-Z™",
      "url": "/course/data-statistics/",
      "rating": 4.4981503,
      "num_reviews": 10409,
      "last_update_date": "09/01/2023",
      "duration": "6 total hours",
      "instructors_id": 2364054,
      "image": "https://img-c.udemycdn.com/course/750x422/1175200_2723.jpg"
    },
    {
      "id": 1329100,
      "title": "Progressive Web Apps (PWA) - The Complete Guide",
      "url": "/course/progressive-web-app-pwa-the-complete-guide/",
      "rating": 4.61118,
      "num_reviews": 10388,
      "last_update_date": "18/11/2022",
      "duration": "16 total hours",
      "instructors_id": 31926668,
      "image": "https://img-c.udemycdn.com/course/750x422/1329100_571a.jpg"
    },
    {
      "id": 919872,
      "title": "Android Java Masterclass - Become an App Developer",
      "url": "/course/master-android-7-nougat-java-app-development-step-by-step/",
      "rating": 4.3898354,
      "num_reviews": 10354,
      "last_update_date": "30/08/2021",
      "duration": "60.5 total hours",
      "instructors_id": 599932,
      "image": "https://img-c.udemycdn.com/course/750x422/919872_ed54_6.jpg"
    },
    {
      "id": 43718,
      "title": "C++: From Beginner to Expert",
      "url": "/course/video-course-c-from-beginner-to-expert/",
      "rating": 4.334098,
      "num_reviews": 10313,
      "last_update_date": "01/02/2023",
      "duration": "17.5 total hours",
      "instructors_id": 621716,
      "image": "https://img-c.udemycdn.com/course/750x422/43718_e5ca_10.jpg"
    },
    {
      "id": 1148688,
      "title": "Design Patterns in C# and .NET",
      "url": "/course/design-patterns-csharp-dotnet/",
      "rating": 4.5156264,
      "num_reviews": 10317,
      "last_update_date": "31/03/2022",
      "duration": "20.5 total hours",
      "instructors_id": 525118,
      "image": "https://img-c.udemycdn.com/course/750x422/1148688_4313_5.jpg"
    },
    {
      "id": 752950,
      "title": "GitHub Ultimate: Master Git and GitHub - Beginner to Expert",
      "url": "/course/github-ultimate/",
      "rating": 4.42094,
      "num_reviews": 10313,
      "last_update_date": "28/08/2022",
      "duration": "6.5 total hours",
      "instructors_id": 5341724,
      "image": "https://img-c.udemycdn.com/course/750x422/752950_b773.jpg"
    },
    {
      "id": 1360780,
      "title": "Practice Java by Building Projects",
      "url": "/course/practice-java-by-building-projects/",
      "rating": 4.43507,
      "num_reviews": 10126,
      "last_update_date": "05/10/2017",
      "duration": "3.5 total hours",
      "instructors_id": 20083068,
      "image": "https://img-c.udemycdn.com/course/750x422/1360780_1421_6.jpg"
    },
    {
      "id": 1780636,
      "title": "Quick Introduction to Postman and API Testing for Beginners",
      "url": "/course/postman-crash-course-for-beginners-learn-rest-api-testing/",
      "rating": 4.6530423,
      "num_reviews": 10087,
      "last_update_date": "02/02/2023",
      "duration": "3 total hours",
      "instructors_id": 23218620,
      "image": "https://img-c.udemycdn.com/course/750x422/1780636_992b_3.jpg"
    },
    {
      "id": 3873464,
      "title": "Next.js & React - The Complete Guide (incl. Two Paths!)",
      "url": "/course/nextjs-react-the-complete-guide/",
      "rating": 4.7171454,
      "num_reviews": 9986,
      "last_update_date": "19/12/2022",
      "duration": "25 total hours",
      "instructors_id": 13952972,
      "image": "https://img-c.udemycdn.com/course/750x422/3873464_403c.jpg"
    },
    {
      "id": 2642574,
      "title": "The Complete Android 12 & Kotlin Development Masterclass",
      "url": "/course/android-kotlin-developer/",
      "rating": 4.468004,
      "num_reviews": 9930,
      "last_update_date": "13/07/2022",
      "duration": "47.5 total hours",
      "instructors_id": 4573650,
      "image": "https://img-c.udemycdn.com/course/750x422/2642574_61bb_2.jpg"
    },
    {
      "id": 2201164,
      "title": "Modern JavaScript (Complete guide, from Novice to Ninja)",
      "url": "/course/modern-javascript-from-novice-to-ninja/",
      "rating": 4.7896886,
      "num_reviews": 9928,
      "last_update_date": "30/10/2021",
      "duration": "20.5 total hours",
      "instructors_id": 35642982,
      "image": "https://img-c.udemycdn.com/course/750x422/2201164_831a.jpg"
    },
    {
      "id": 1172526,
      "title": "Ethereum Blockchain Developer Bootcamp With Solidity (2023)",
      "url": "/course/blockchain-developer/",
      "rating": 4.5717406,
      "num_reviews": 9897,
      "last_update_date": "13/12/2022",
      "duration": "24 total hours",
      "instructors_id": 8820730,
      "image": "https://img-c.udemycdn.com/course/750x422/1172526_e914_8.jpg"
    }
   ]